Subject,Start Date,Start Time,End Date,End Time,Location,Description
"🚇 Seattle Day 1 · Arrive SEA -- passport control, baggage claim, transfer to Link","2026-11-01","14:10","2026-11-01","14:55","SEA Airport","Arrival transition block after landing in Seattle on Korean Air KE047 (ICN-SEA), booking reference EMR56H.
Purpose: 45-minute buffer for passport control and baggage claim -- international arrivals at SEA can run long, so this is the full allotment rather than the previous 25-minute estimate.
Estimated cost: $6 for the airport-to-city transit leg (ORCA day-pass model, first ride of the day).
Timing: Land 2:10 PM, leave the secure area by about 2:55 PM.
Estimated cost: $6.
Duration: 45 min.
Site link: https://itscarly.github.io/seapdx/dashboards/html/index.html#stop-day-1-0-0-arrive-sea-passport-control-ba"
"🚇 Seattle Day 1 · Link light rail to Downtown Seattle","2026-11-01","14:55","2026-11-01","15:40","SEA -> Downtown","Link ride from SEA into Downtown Seattle.
What to expect: Easy no-drama airport transfer -- settle in, hydrate, let the arrival day stay simple.
Cost note: Fare already counted in the previous airport-transfer stop.
Duration: 45 min.
Site link: https://itscarly.github.io/seapdx/dashboards/html/index.html#stop-day-1-0-1-link-light-rail-to-downtown-se"
"🚶 Seattle Day 1 · Walk to Palihotel Seattle","2026-11-01","15:40","2026-11-01","15:50","Downtown","Short station-to-hotel walk.
What to expect: Palihotel is right in the heart of downtown near Pike Place, so this walk is very manageable even jet-lagged.
Estimated arrival: around 3:50 PM.
Duration: 10 min.
Site link: https://itscarly.github.io/seapdx/dashboards/html/index.html#stop-day-1-0-2-walk-to-palihotel-seattle"
"📍 Seattle Day 1 · Palihotel Seattle check-in","2026-11-01","15:50","2026-11-01","16:50","Palihotel Seattle, 107 Pine St, Seattle, WA 98101","Trivia: Palihotel Seattle is a boutique hotel in the Palisociety group, set right in the heart of downtown Seattle a few blocks from Pike Place Market -- known for a design-forward, mid-century-leaning look distinct from typical big-chain downtown hotels.
Location: 107 Pine St, Seattle, WA 98101 -- steps from Pike Place, 2nd Ave shopping, and the Link tunnel stations.
Reservation: Confirmation #2434SG190857, itinerary #73521738329875, Deluxe Room 1 Queen Bed, 2 adults, total $662.00 (already paid). Official check-in is 3:00 PM so arrival around 3:50 PM should be after check-in opens.
Safety note: Downtown core / Pike Place blocks report a 15% year-over-year drop in violent crime through 2025 and are described as busy and well-policed during the day (Downtown Seattle Association reporting via KOMO News, Aug 2025). Standard city awareness is enough for a mid-afternoon hotel check-in.
Location: Palihotel Seattle, 107 Pine St, Seattle, WA 98101
Website: https://www.palihotel.com/hotels/palihotel-seattle/
Payment: Prepaid -- $662.00 total, already charged
Duration: 60 min.
Site link: https://itscarly.github.io/seapdx/dashboards/html/index.html#stop-day-1-0-3-palihotel-seattle-check-in"
"🛍️ Seattle Day 1 · H Mart Downtown Seattle -- grocery run","2026-11-01","16:50","2026-11-01","17:10","H Mart, 1601 2nd Ave, Seattle, WA 98101","Trivia: H Mart (""Han Ah Reum,"" Korean for ""one arm full of groceries"") is the largest Korean-American grocery chain in the US, known for fresh produce, a huge banchan/ready-to-heat section, and an in-store food court in some locations -- this downtown Seattle location is grocery-focused.
Why this stop: Stock up on ready-to-heat food (rice bowls, dumplings, banchan, instant meals) to bring back to Palihotel as tonight's dinner, since Pike Place Chowder's ~4:30 PM close makes it unreachable on this timeline.
ORDER: A mix of ready-to-heat meals, snacks, and drinks (see reference photo).
Budget: capped at $30 -- traveler-requested headroom, not a target. You likely won't spend the full amount, but the ready-to-heat spread can run up quickly.
Safety note: Late-afternoon (~4:50-5:10 PM) on the 2nd Ave retail corridor is described in local reporting as one of the cleaner downtown stretches compared to the 3rd Ave corridor a block over, which is documented as the area with the most visible street-drug activity in the central city (KOMO News, Aug 2025). Standard awareness recommended; this stop is during busy daylight retail hours.
Location: H Mart, 1601 2nd Ave, Seattle, WA 98101
Website: https://www.hmart.com/
Payment: Cards/Apple Pay only -- H Mart does not accept cash
Estimated cost: $30.
Duration: 20 min.
Site link: https://itscarly.github.io/seapdx/dashboards/html/index.html#stop-day-1-0-4-h-mart-downtown-seattle-grocer"
"🚶 Seattle Day 1 · Walk back to Palihotel to drop off food","2026-11-01","17:10","2026-11-01","17:20","Downtown","Purpose: Drop the H Mart food in the room fridge/microwave setup so it's ready as dinner around 5-6 PM.
Duration: 10 min.
Site link: https://itscarly.github.io/seapdx/dashboards/html/index.html#stop-day-1-0-5-walk-back-to-palihotel-to-drop"
"🛍️ Seattle Day 1 · Target Downtown Seattle (Pike Plaza) -- pickup order","2026-11-01","17:20","2026-11-01","17:45","Target, 1401 2nd Ave, Seattle, WA 98101 (Seattle Pike Plaza)","Order Pickup at Seattle Pike Plaza -- 2 items:
- Zantac 360 Maximum Strength Heartburn Prevention and Relief Tablets, Famotidine, 25ct -- $10.89
- Truly Unruly Variety Pack, 12pk/12 fl oz cans -- $18.99
Estimated total (incl. WA sales tax): $34.36.
Safety note: Same downtown/Pike Plaza block as H Mart -- early evening, busy retail hours, no specific advisories found for this address.
Location: Target, 1401 2nd Ave, Seattle, WA 98101 (Seattle Pike Plaza)
Website: https://www.target.com/
Payment: Cards accepted
Estimated cost: $34.36.
Duration: 25 min.
Site link: https://itscarly.github.io/seapdx/dashboards/html/index.html#stop-day-1-1-0-target-downtown-seattle-pike-p"
"🚶 Seattle Day 1 · Walk to Pike Place Bar & Grill","2026-11-01","17:45","2026-11-01","18:00","Downtown / Pike Place","Purpose: Short walk from Target to Pike Place Bar & Grill.
Duration: 10 min.
Site link: https://itscarly.github.io/seapdx/dashboards/html/index.html#stop-day-1-1-1-walk-to-pike-place-bar-grill"
"🍽️ Seattle Day 1 · Dinner at Pike Place Bar & Grill","2026-11-01","18:00","2026-11-01","19:00","Pike Place Bar & Grill","Menu: https://www.eatatpikeplace.com/happy-hour
ORDER:
- Grilled Chicken Burger (tomato, lettuce, creamy horseradish, sourdough) -- $14.95
- Prickly-Pear Margarita (Cuervo Gold, triple sec, prickly-pear cactus puree, fresh lime sour, salt rim, on the rocks) -- $10.00
- Fresca (Absolut Citron, muddled citrus, soda water, splash grapefruit juice) -- $10.00
Subtotal: $34.95. Plus 10.35% WA/Seattle sales tax ($3.62) and 18% tip on the subtotal ($6.29) = est. total $44.86.
Safety note: Pike Place itself is described as busy and well-policed daily (KOMO News, Aug 2025); early-evening dinner hour here is a core tourist area with heavy foot traffic.
Location: Pike Place Bar & Grill
Payment: Cards accepted
Estimated cost: $44.86.
Duration: 60 min.
Site link: https://itscarly.github.io/seapdx/dashboards/html/index.html#stop-day-1-1-2-dinner-at-pike-place-bar-grill"
"🎟️ Seattle Day 1 · Waterfront Park","2026-11-01","19:00","2026-11-01","19:40","Waterfront Park (Pier 62/Pier 58 area)","Trivia: Seattle's new Waterfront Park is the centerpiece of the ~$1.2B Waterfront Seattle redevelopment -- a ~20-acre string of public spaces from Pier 57 to Pier 62, including the Seattle Aquarium and Pier 62's floating dock and lawn (ASCE, Jan 2026).
IMPORTANT -- posted hours: Pier 62 / Waterfront Park is posted open daily 7 AM-10 PM (seattle.gov / waterfrontparkseattle.org). Arriving right at 10 PM means the park will likely already be closing or closed -- go earlier in the evening (e.g. right after dinner, ~6:30-7:30 PM) to actually have time there before it shuts.
Safety note (sourced, not a live feed): Seattle Parks & Rec's 2026 ""Summer of Safety"" initiative specifically calls out increased staffing/security, clearer signage, and lighting/sight-line improvements at high-use parks including the waterfront (Seattle Parks, May 2026); Seattle Center also states the park's operations prioritize clear sight lines and lighting as safety measures. No source found with a specific crime count or homelessness figure for Waterfront Park at night as of this writing -- that gap is stated here rather than guessed at. General downtown-Seattle guidance from multiple 2026 visitor-safety writeups: core tourist areas including the waterfront feel safe during the day and evening hours when busy; visible homelessness/drug activity downtown is common and generally not dangerous, but isolated/empty stretches after dark warrant normal city caution. Given the 10 PM close, plan to be there earlier while it's still lit, staffed, and populated rather than right at closing.
Location: Waterfront Park (Pier 62/Pier 58 area)
Payment: Free walk-in
Duration: 40 min.
Site link: https://itscarly.github.io/seapdx/dashboards/html/index.html#stop-day-1-1-3-waterfront-park"
"🚶 Seattle Day 1 · Walk back to Palihotel","2026-11-01","19:40","2026-11-01","20:00","Waterfront -> Downtown","Purpose: Walk back up to Palihotel to rest.
Duration: 15 min.
Site link: https://itscarly.github.io/seapdx/dashboards/html/index.html#stop-day-1-1-4-walk-back-to-palihotel"
"🛌 Seattle Day 1 · Evening wind-down (self-choose)","2026-11-01","20:00","2026-11-01","22:00","Palihotel base","Arrival-night wind-down.
Purpose: Decompress after a long travel day before lights-out. Day 2 is the full Pike Place day and starts at 5:30 AM, so sleep needs to actually start on time.
Continuity: Bridges dinner/settling-in to a real 10:00 PM lights-out.
Duration: 2 hrs.
Site link: https://itscarly.github.io/seapdx/dashboards/html/index.html#stop-day-1-1-5-evening-wind-down-self-choose"
"🛌 Seattle Day 1 · Sleep","2026-11-01","22:00","2026-11-02","05:30","Palihotel base","Purpose: Get good sleep after a long travel day, with a real night's sleep before Day 2's 5:30 AM wake.
Continuity: Sleep protection to stabilize next day.
Duration: 7.5 hrs.
Site link: https://itscarly.github.io/seapdx/dashboards/html/index.html#stop-day-1-1-6-sleep"
"🛌 Seattle Day 2 · Wake, stretch, prep","2026-11-02","05:30","2026-11-02","07:00","Palihotel base","Purpose: Get out the door early enough that the market is still quiet.
Why this matters: Most Pike Place vendors open at 8 AM -- arriving by 7:30 AM means photos and browsing happen before the tour-bus crowds land.
Duration: 90 min.
Site link: https://itscarly.github.io/seapdx/dashboards/html/index.html#stop-day-2-0-0-wake-stretch-prep"
"🚶 Seattle Day 2 · Short walk to Pike Place Market","2026-11-02","07:00","2026-11-02","07:30","Downtown","Purpose: Palihotel is steps from Pike Place, walk direct. Arrive at the sign by 7:30 AM.
Duration: 30 min.
Site link: https://itscarly.github.io/seapdx/dashboards/html/index.html#stop-day-2-0-1-short-walk-to-pike-place-marke"
"🎟️ Seattle Day 2 · Pike Place sign + arcade stroll","2026-11-02","07:30","2026-11-02","08:00","Pike Place Market","Trivia: Pike Place Market opened in 1907 as a public farmers market to cut out middlemen between farmers and shoppers -- it's one of the oldest continuously operated public markets in the US.
Iconic market entrance. Walk the sign, arcade, first fish row -- quiet before the 8 AM crowds.
Line time: None this early.
Estimated cost: Free.
Location: Pike Place Market
Payment: Free walk-in
Duration: 20 min.
Site link: https://itscarly.github.io/seapdx/dashboards/html/index.html#stop-day-2-0-2-pike-place-sign-arcade-stroll"
"🍽️ Seattle Day 2 · Mee Sum Pastry","2026-11-02","08:00","2026-11-02","08:20","Mee Sum Pastry, 1526 Pike Pl","Trivia: Mee Sum Pastry has served Pike Place since 1935 -- one of the market's oldest continuously running food stalls, known for its steamed and baked hum bao.
Menu: https://www.meesum.com/
Why first: opens at 8 AM, closest food stop to the Pike Place sign.
ORDER: Curry Beef Hong Bao, $6 + 10.35% WA sales tax = $6.62.
Estimated cost: $6.62.
Location: Mee Sum Pastry, 1526 Pike Pl
Payment: Cards accepted, but reports of a ~$10 card minimum -- this order is under that, carry small cash as backup
Estimated cost: $6.62.
Duration: 15 min.
Site link: https://itscarly.github.io/seapdx/dashboards/html/index.html#stop-day-2-0-3-mee-sum-pastry"
"🍽️ Seattle Day 2 · Tiny's Apple Cider stand","2026-11-02","08:20","2026-11-02","08:45","Tiny's Apple Cider, Pike Place Market","Why this stop: a market-stall cider vendor with several fresh-pressed flavors, easy quick stop right after Mee Sum.
ORDER: 3 cups -- organic candy apple cider, cherry, and blackberry.
Each: $3 + 10.35% WA sales tax = $3.31.
Estimated cost: 3 x $3.31 = $9.93.
Note: Pike Place Bakery skipped -- closed Mondays.
Location: Tiny's Apple Cider, Pike Place Market
Payment: Cards accepted
Estimated cost: $9.93.
Duration: 20 min.
Site link: https://itscarly.github.io/seapdx/dashboards/html/index.html#stop-day-2-0-4-tiny-s-apple-cider-stand"
"🍽️ Seattle Day 2 · Beecher's Handmade Cheese tasting","2026-11-02","08:45","2026-11-02","09:05","Beecher's Handmade Cheese, 1600 Pike Pl","Trivia: Beecher's makes its cheese on-site in full view of the street -- the open cheese-making window is one of the market's most-photographed stops.
Watch cheese being made through the front window, then try it. Opens 10 AM -- this earlier arrival time may be before doors open; check on-site or hold this stop until 10 AM if closed.
Menu: https://beechershandmadecheese.com/menus/seattle-flagship-menu/
ORDER: World's Best Mac & Cheese cup, or the Flagship cheddar curds if you want something to walk with.
Estimated cost: $9.
Location: Beecher's Handmade Cheese, 1600 Pike Pl
Payment: Cards accepted
Estimated cost: $9.
Duration: 15 min.
Site link: https://itscarly.github.io/seapdx/dashboards/html/index.html#stop-day-2-0-5-beecher-s-handmade-cheese-tast"
"🍽️ Seattle Day 2 · Le Panier","2026-11-02","09:05","2026-11-02","09:30","Le Panier, 1902 Pike Pl","Trivia: Le Panier is a classic French bakery right at the Pike Place entrance, known for its croissants and window display of pastries facing the market.
Menu: https://lepanier.com/menu#croissants
ORDER: Cortado, $5.15 + 10.35% WA sales tax = $5.68 (confirmed price).
Pastry/chocolate cookie: menu didn't list prices -- pick a croissant or chocolate item on-site, self-choose, no fixed budget line.
Estimated cost: $5.68 (cortado only; pastry not priced).
Location: Le Panier, 1902 Pike Pl
Payment: Cards accepted
Estimated cost: $5.68.
Duration: 20 min.
Site link: https://itscarly.github.io/seapdx/dashboards/html/index.html#stop-day-2-0-6-le-panier"
"🛍️ Seattle Day 2 · Totem Smokehouse fish stop","2026-11-02","09:30","2026-11-02","10:15","Totem Smokehouse, 1906 Pike Pl","Trivia: Totem Smokehouse specializes in traditional Pacific Northwest smoked salmon, vacuum-sealed and shippable -- a classic Seattle souvenir.
Core market stop for smoked salmon souvenirs.
Order: Peppered smoked sockeye box or smaller pack.
Line time: 5-15 min.
Budget raised to $60 for souvenirs (traveler-requested).
Location: Totem Smokehouse, 1906 Pike Pl
Payment: Cards accepted
Estimated cost: $60.
Duration: 30 min.
Site link: https://itscarly.github.io/seapdx/dashboards/html/index.html#stop-day-2-0-7-totem-smokehouse-fish-stop"
"🍽️ Seattle Day 2 · Piroshky Piroshky snack","2026-11-02","10:15","2026-11-02","10:30","Piroshky Piroshky, 1908 Pike Pl","Trivia: Piroshky Piroshky is a Russian-style hand-pie bakery, one of Pike Place's most consistently long-lined stalls -- go right after Totem to beat the queue.
Menu: https://piroshkybakery.com/menu/
ORDER: Smoked Salmon Pate piroshky (savory, most iconic) or the Beef & Onion if you want something heartier. Apple Cinnamon Roll if you'd rather go sweet.
Estimated cost: $9.
Location: Piroshky Piroshky, 1908 Pike Pl
Payment: Cards accepted
Estimated cost: $9.
Duration: 15 min.
Site link: https://itscarly.github.io/seapdx/dashboards/html/index.html#stop-day-2-0-8-piroshky-piroshky-snack"
"🎟️ Seattle Day 2 · Original Starbucks store, 1912 Pike Place","2026-11-02","10:30","2026-11-02","11:00","Starbucks, 1912 Pike Place, Seattle, WA 98101","Trivia: The Original Starbucks opened in 1971 at this Pike Place location and is the flagship for the chain's global mermaid logo.
First Starbucks visit: whole bean coffee bag ($16) + Seattle-exclusive mug ($20) + grande cold brew ($5) = $41.
ORDER: Grande cold brew (or a shop-exclusive Pike Place Roast drip if you want to keep it classic) plus the whole-bean bag and mug as souvenirs.
Estimated cost: $41.
Location: Starbucks, 1912 Pike Place, Seattle, WA 98101
Payment: Cards accepted
Estimated cost: $41.
Duration: 30 min.
Site link: https://itscarly.github.io/seapdx/dashboards/html/index.html#stop-day-2-0-9-original-starbucks-store-1912-"
"🍽️ Seattle Day 2 · Hellenika Cultured Creamery","2026-11-02","11:00","2026-11-02","11:15","Hellenika Cultured Creamery, Pike Place Market","Menu: https://www.eathellenika.com/menu
ORDER: Build-your-own Greek yogurt bowl -- go with honey, walnuts, and fresh fruit toppings, or their signature Mediterranean bowl if you want it pre-built.
Estimated cost: $13 (traveler-pegged).
Location: Hellenika Cultured Creamery, Pike Place Market
Payment: Cards accepted
Estimated cost: $13.
Duration: 15 min.
Site link: https://itscarly.github.io/seapdx/dashboards/html/index.html#stop-day-2-0-10-hellenika-cultured-creamery"
"🎟️ Seattle Day 2 · Rachel the Pig + Billie -- photo stop","2026-11-02","11:15","2026-11-02","11:25","Rachel the Piggy Bank, 93 Pike St, Seattle, WA 98101","Trivia: Rachel is a 550 lb bronze piggy bank sculpted by Georgia Gerber, dedicated 1986, named after a real 750 lb prize pig -- she's the Market Foundation's mascot and has raised over $350,000 in donated coins. Billie, her bronze cousin, joined in 2011 nearby.
Estimated cost: Free.
Location: Rachel the Piggy Bank, 93 Pike St, Seattle, WA 98101
Payment: Free walk-in
Duration: 10 min.
Site link: https://itscarly.github.io/seapdx/dashboards/html/index.html#stop-day-2-0-11-rachel-the-pig-billie-photo-s"
"🍽️ Seattle Day 2 · Molly Moon's Ice Cream","2026-11-02","11:25","2026-11-02","11:40","Molly Moon's, 93 Pike St #310, Seattle, WA 98101","Trivia: Molly Moon's is a Seattle-founded small-batch ice cream shop known for local, seasonal flavors -- this location sits right inside the market near Rachel the Pig.
ORDER: A seasonal or signature flavor scoop.
Estimated cost: ~$7 (estimate).
Location: Molly Moon's, 93 Pike St #310, Seattle, WA 98101
Website: https://www.mollymoon.com/
Payment: Cards accepted
Estimated cost: $7.
Duration: 15 min.
Site link: https://itscarly.github.io/seapdx/dashboards/html/index.html#stop-day-2-0-12-molly-moon-s-ice-cream"
"🍽️ Seattle Day 2 · Daily Dozen Doughnuts + Mocha","2026-11-02","11:40","2026-11-02","12:00","Daily Dozen Doughnuts, Pike Place Market","Trivia: Daily Dozen is a mini-doughnut stall that fries to order right in front of you -- one of the market's classic quick-bite lines.
Menu: https://dailydozendoughnuts.com/
ORDER: Dozen mini cinnamon-sugar doughnuts fresh from the fryer, plus a mocha to go with it.
Estimated cost: $16.
Location: Daily Dozen Doughnuts, Pike Place Market
Payment: Conflicting reports -- some say cash-only, newer reviews say cards work but cash is faster -- carry cash as backup
Estimated cost: $16.
Duration: 15 min.
Site link: https://itscarly.github.io/seapdx/dashboards/html/index.html#stop-day-2-0-13-daily-dozen-doughnuts-mocha"
"🎟️ Seattle Day 2 · Gum Wall","2026-11-02","12:00","2026-11-02","12:15","Gum Wall, Post Alley","Trivia: The Gum Wall started in the 1990s under the Market Theater and became an official Seattle attraction despite (or because of) its stickiness -- periodically power-washed and immediately re-covered.
Estimated cost: Free.
Location: Gum Wall, Post Alley
Payment: Free walk-in
Duration: 15 min.
Site link: https://itscarly.github.io/seapdx/dashboards/html/index.html#stop-day-2-0-14-gum-wall"
"☕ Seattle Day 2 · Ghost Alley Espresso","2026-11-02","12:15","2026-11-02","12:35","Ghost Alley Espresso, 1499 Post Alley","Quality specialty latte, right next to the Gum Wall.
Menu: https://www.ghostalleyespresso.co/menus
Order: Salted Nut 12oz.
Estimated cost: $8.50.
Location: Ghost Alley Espresso, 1499 Post Alley
Payment: Unconfirmed -- no explicit payment info found for this small walk-up stall; carry cash as backup
Estimated cost: $8.5.
Duration: 20 min.
Site link: https://itscarly.github.io/seapdx/dashboards/html/index.html#stop-day-2-0-15-ghost-alley-espresso"
"🍽️ Seattle Day 2 · Rachel's Ginger Beer - Frozen Mango Margarita","2026-11-02","12:35","2026-11-02","12:50","Rachel's Ginger Beer, 1530 Post Alley","Menu: https://rachelsgingerbeer.com/menus/
ORDER: Frozen Mango Margarita ginger beer (the signature frozen slushy, not a straight ginger beer) -- ask for it ""frozen.""
Estimated cost: $18.
Location: Rachel's Ginger Beer, 1530 Post Alley
Payment: Cards accepted
Estimated cost: $18.
Duration: 15 min.
Site link: https://itscarly.github.io/seapdx/dashboards/html/index.html#stop-day-2-0-16-rachel-s-ginger-beer-frozen-m"
"🎟️ Seattle Day 2 · Pike Place Market swings","2026-11-02","12:50","2026-11-02","13:05","Pike Place","Trivia: The market swings are a newer, free photo-op installation near the main arcade -- quick, casual, no line most of the day.
Estimated cost: Free.
Payment: Free walk-in
Duration: 10 min.
Site link: https://itscarly.github.io/seapdx/dashboards/html/index.html#stop-day-2-0-17-pike-place-market-swings"
"🍽️ Seattle Day 2 · Lunch stop (self-choose)","2026-11-02","13:05","2026-11-02","13:45","Waterfront or Pike Place area","Suggested default: Marination Ma Kai, Pier 54 waterfront (Hawaiian-Korean fusion, casual walk-up counter, harbor view seating).
Menu: https://marinationmakai.com/menus/
ORDER: Kalbi short rib tacos or the Spam musubi plate.
Backup if you'd rather stay in the market: Lowell's (Pike Place, 3rd floor, water-view dining room) -- fish and chips or a burger.
Estimated cost: $26.12 (lunch with tax and tip).
Payment: Cards accepted
Estimated cost: $26.12.
Duration: 40 min.
Site link: https://itscarly.github.io/seapdx/dashboards/html/index.html#stop-day-2-1-0-lunch-stop-self-choose"
"🎟️ Seattle Day 2 · Uber Seattle Engineering Office visit","2026-11-02","13:45","2026-11-02","14:30","Uber Seattle Engineering Office, 1191 2nd Ave #1200, Seattle, WA 98101","Purpose: informal look around Uber's Seattle satellite engineering office -- not a scheduled meeting, max 45 min.
Estimated cost: Free.
Location: Uber Seattle Engineering Office, 1191 2nd Ave #1200, Seattle, WA 98101
Payment: N/A
Duration: 45 min.
Site link: https://itscarly.github.io/seapdx/dashboards/html/index.html#stop-day-2-1-1-uber-seattle-engineering-offic"
"🛌 Seattle Day 2 · Hotel reset before Sky View","2026-11-02","14:30","2026-11-02","16:25","Palihotel base","Purpose: Best Buy Northgate fit check removed Sep 13, 2026. Use this as an open buffer before the hard sunset-view appointment.
Duration: 115 min.
Site link: https://itscarly.github.io/seapdx/dashboards/html/index.html#stop-day-2-1-2-hotel-reset-before-sky-view"
"🚶 Seattle Day 2 · Walk to Columbia Center Sky View","2026-11-02","16:25","2026-11-02","16:55","Downtown","Purpose: Leave Palihotel with a relaxed buffer and arrive at Sky View by 4:55 PM.
Duration: 30 min.
Site link: https://itscarly.github.io/seapdx/dashboards/html/index.html#stop-day-2-1-3-walk-to-columbia-center-sky-vi"
"🎟️ Seattle Day 2 · Columbia Center Sky View Observatory - Elite Experience ticket","2026-11-02","16:55","2026-11-02","17:55","Sky View Observatory, 700 4th Ave","Trivia: Sky View Observatory sits on the 73rd floor of Columbia Center, the tallest building in Washington State -- the highest public viewpoint in the city.
Seattle skyline views from the observation deck at dusk.
Tickets: Elite Experience Adult $49 + booking fee $1 + tax $2.50 = $52.50.
Location: Sky View Observatory, 700 4th Ave
Website: https://skyviewobservatory.com/tickets/
Payment: Cards accepted
Estimated cost: $52.5.
Duration: 60 min.
Site link: https://itscarly.github.io/seapdx/dashboards/html/index.html#stop-day-2-1-4-columbia-center-sky-view-obser"
"🎟️ Seattle Day 2 · Sky View Cafe - sunset cocktail","2026-11-02","17:55","2026-11-02","18:35","Sky View Observatory Cafe, 700 4th Ave","Menu: https://skyviewobservatory.com/sky-view-cafe-bar-menu/
Included in the Sky View admission -- no separate cost.
Location: Sky View Observatory Cafe, 700 4th Ave
Payment: Cards accepted
Duration: 30 min.
Site link: https://itscarly.github.io/seapdx/dashboards/html/index.html#stop-day-2-1-5-sky-view-cafe-sunset-cocktail"
"🚶 Seattle Day 2 · Walk back to Palihotel + free evening","2026-11-02","18:35","2026-11-02","18:50","Downtown -> Palihotel","Purpose: Short walk back to the hotel. Evening is open -- find dinner nearby, meet people, relax.
Duration: 15 min.
Site link: https://itscarly.github.io/seapdx/dashboards/html/index.html#stop-day-2-2-0-walk-back-to-palihotel-free-ev"
"🛌 Seattle Day 2 · Dinner and wind-down (self-choose)","2026-11-02","18:50","2026-11-02","22:00","Palihotel area or Downtown","Open evening, self-choose dinner nearby.
Continuity: Bridges dinner/settling-in to a real 10:00 PM lights-out ahead of Day 3's Bainbridge ferry morning.
Duration: 3 hrs 10 min.
Site link: https://itscarly.github.io/seapdx/dashboards/html/index.html#stop-day-2-2-1-dinner-and-wind-down-self-choo"
"🛌 Seattle Day 2 · Sleep","2026-11-02","22:00","2026-11-03","07:20","Palihotel base","Purpose: Real night's sleep before Day 3's 7:20 AM wake and Bainbridge ferry morning.
Continuity: Rest before Day 3's Bainbridge ferry morning.
Duration: 9 hrs 20 min.
Site link: https://itscarly.github.io/seapdx/dashboards/html/index.html#stop-day-2-2-2-sleep"
"🛌 Seattle Day 3 · Wake + prep","2026-11-03","07:20","2026-11-03","08:00","Palihotel base","Purpose: Light prep. Ferry terminal is walkable/short transit from downtown. Food starts at Bainbridge.
Duration: 40 min.
Site link: https://itscarly.github.io/seapdx/dashboards/html/index.html#stop-day-3-0-0-wake-prep"
"🚇 Seattle Day 3 · Walk/transit to Seattle Ferry Terminal","2026-11-03","08:00","2026-11-03","08:30","Downtown -> Ferry Terminal waterfront","Purpose: Palihotel is close to the ferry terminal via short walk + Link if needed. Use ORCA if any transit needed.
Duration: 20 min.
Site link: https://itscarly.github.io/seapdx/dashboards/html/index.html#stop-day-3-0-1-walk-transit-to-seattle-ferry-"
"🚇 Seattle Day 3 · Ferry to Bainbridge","2026-11-03","08:30","2026-11-03","09:30","Puget Sound","Trivia: The Seattle-Bainbridge Island route is the busiest of Washington State Ferries' routes, carrying commuters and tourists across Puget Sound with views of the Seattle skyline, Elliott Bay, and (on a clear day) Mt. Rainier.
Walk-on passenger fare is charged westbound (Seattle -> Bainbridge) only -- the return trip is free.
Estimated cost: $12.
Duration: 60 min.
Site link: https://itscarly.github.io/seapdx/dashboards/html/index.html#stop-day-3-0-2-ferry-to-bainbridge"
"🚶 Seattle Day 3 · Winslow + waterfront exploration","2026-11-03","09:30","2026-11-03","11:05","Bainbridge Island","Purpose: Winslow + waterfront exploration keeps the bainbridge day trip - ferry from downtown route on track.
Duration: 95 min.
Site link: https://itscarly.github.io/seapdx/dashboards/html/index.html#stop-day-3-1-0-winslow-waterfront-exploration"
"🍽️ Seattle Day 3 · Harbour Public House lunch","2026-11-03","11:05","2026-11-03","12:20","Harbour Public House, 231 Parfitt Way SW","Suggested: Harbour Public House -- waterfront pub, five minutes from the ferry. Early lunch on Bainbridge.
Menu: https://harbourpub.com/
ORDER: Braised Beef BBQ Sandwich and a ginger ale.
Fruity: Bainbridge cider is the move if you want something lighter than beer.
Estimated cost: $29 with tip and tax.
Location: Harbour Public House, 231 Parfitt Way SW
Payment: Cards accepted
Estimated cost: $29.
Duration: 75 min.
Site link: https://itscarly.github.io/seapdx/dashboards/html/index.html#stop-day-3-1-1-harbour-public-house-lunch"
"☕ Seattle Day 3 · Blackbird Coffee stop","2026-11-03","12:20","2026-11-03","13:10","Blackbird Bakery, 210 Winslow Way E","Suggested: Blackbird Bakery, just a couple minutes from the ferry terminal.
Menu: https://www.blackbirdbakeryandcafe.com/bakery-menu
ORDER: Coffee plus a scone or cookie.
Estimated cost: $8.
Location: Blackbird Bakery, 210 Winslow Way E
Payment: Cards accepted
Estimated cost: $8.
Duration: 50 min.
Site link: https://itscarly.github.io/seapdx/dashboards/html/index.html#stop-day-3-1-2-blackbird-coffee-stop"
"🚇 Seattle Day 3 · Return ferry to Seattle","2026-11-03","13:10","2026-11-03","14:10","Puget Sound","Purpose: Return walk-on passenger fare is already covered.
Duration: 60 min.
Site link: https://itscarly.github.io/seapdx/dashboards/html/index.html#stop-day-3-1-3-return-ferry-to-seattle"
"🚇 Seattle Day 3 · Walk/transit toward Gourmondo Café","2026-11-03","14:10","2026-11-03","14:35","Ferry Terminal -> Queen Anne","Purpose: Gourmondo Café closes 3:30 PM weekdays -- visited first, before the loop runs back south, so it's reached well within hours.
Duration: 20 min.
Site link: https://itscarly.github.io/seapdx/dashboards/html/index.html#stop-day-3-2-0-walk-transit-toward-gourmondo-"
"☕ Seattle Day 3 · Gourmondo Café","2026-11-03","14:35","2026-11-03","15:05","Gourmondo Café, 201 Elliott Ave W, Seattle, WA 98101","Trivia: Gourmondo is a Seattle-based cafe and catering company -- this Elliott Ave W location sits near the Climate Pledge Arena/Uptown area, north of the main waterfront piers.
Menu: https://order.toasttab.com/online/gourmondo-cafes-cafe-1-201-elliott-ave-w
ORDER: 12 oz cold brew, $5.15 + 10.35% WA sales tax = $5.68.
Hours: M-F 7:30 AM-3:30 PM, closed weekends -- Tue Nov 3 arrival is well before close.
Estimated cost: $5.68.
Location: Gourmondo Café, 201 Elliott Ave W, Seattle, WA 98101
Payment: Cards accepted
Estimated cost: $5.68.
Duration: 25 min.
Site link: https://itscarly.github.io/seapdx/dashboards/html/index.html#stop-day-3-2-1-gourmondo-caf"
"🎟️ Seattle Day 3 · Sirens of Spring - photo stop","2026-11-03","15:05","2026-11-03","15:20","Sirens of Spring, 3155 Alaskan Way, Seattle, WA 98121","Trivia: Sirens of Spring is a waterfront art installation near Myrtle Edwards Park -- poetic words etched on metal plaques celebrating water and urban transformation themes.
Estimated cost: Free.
Location: Sirens of Spring, 3155 Alaskan Way, Seattle, WA 98121
Payment: Free walk-in
Duration: 10 min.
Site link: https://itscarly.github.io/seapdx/dashboards/html/index.html#stop-day-3-2-2-sirens-of-spring-photo-stop"
"🚶 Seattle Day 3 · Olympic Sculpture Park","2026-11-03","15:20","2026-11-03","15:40","Olympic Sculpture Park, 2901 Western Ave","Trivia: Olympic Sculpture Park is a free 9-acre outdoor branch of the Seattle Art Museum, opened 2007, with large-scale sculpture set against Elliott Bay and Olympic Mountains views.
Outdoor sculpture park with Elliott Bay views.
Estimated cost: Free.
Location: Olympic Sculpture Park, 2901 Western Ave
Payment: Free walk-in
Duration: 20 min.
Site link: https://itscarly.github.io/seapdx/dashboards/html/index.html#stop-day-3-2-3-olympic-sculpture-park"
"🎟️ Seattle Day 3 · Pier 62 - photo stop","2026-11-03","15:40","2026-11-03","15:55","Pier 62, Alaskan Way, Seattle, WA 98121","Trivia: Pier 62 is part of the ~$1.2B Waterfront Seattle redevelopment -- a floating dock and lawn used for events and public gathering, part of the same string of public spaces as Waterfront Park.
Waterfront viewing pier.
Estimated cost: Free.
Location: Pier 62, Alaskan Way, Seattle, WA 98121
Payment: Free walk-in
Duration: 15 min.
Site link: https://itscarly.github.io/seapdx/dashboards/html/index.html#stop-day-3-2-4-pier-62-photo-stop"
"🍽️ Seattle Day 3 · Old Stove Brewing","2026-11-03","15:55","2026-11-03","16:15","Old Stove Brewing, MarketFront, 1901 Western Ave Ste A","Trivia: Old Stove Brewing's MarketFront taproom sits right on the water at Pike Place's newer lower level, with direct Elliott Bay views from the patio.
Menu: https://oldstove.com/menus/
ORDER: Wheyhey Pilsner or the Chowder Beer (Old Stove's signature) with Elliott Bay views from the MarketFront patio.
Estimated cost: $13 all-in (menu price + tax + tip).
Location: Old Stove Brewing, MarketFront, 1901 Western Ave Ste A
Payment: Cards accepted
Estimated cost: $13.
Duration: 20 min.
Site link: https://itscarly.github.io/seapdx/dashboards/html/index.html#stop-day-3-2-5-old-stove-brewing"
"🎟️ Seattle Day 3 · Seattle Great Wheel - photo stop","2026-11-03","16:15","2026-11-03","16:30","Seattle Great Wheel, Pier 57","Trivia: The Seattle Great Wheel is a 175-ft Ferris wheel on Pier 57, one of the tallest on the US West Coast, opened 2012.
Estimated cost: Free (photo only, no ride).
Location: Seattle Great Wheel, Pier 57
Payment: Free walk-in
Duration: 10 min.
Site link: https://itscarly.github.io/seapdx/dashboards/html/index.html#stop-day-3-2-6-seattle-great-wheel-photo-stop"
"🚶 Seattle Day 3 · Harbor Steps","2026-11-03","16:30","2026-11-03","16:45","Harbor Steps, 1301 Western Ave","Trivia: Harbor Steps is a public staircase and plaza connecting downtown Seattle to the waterfront, near the Seattle Art Museum.
Estimated cost: Free.
Location: Harbor Steps, 1301 Western Ave
Duration: 15 min.
Site link: https://itscarly.github.io/seapdx/dashboards/html/index.html#stop-day-3-2-7-harbor-steps"
"🚶 Seattle Day 3 · Walk back to Palihotel","2026-11-03","16:45","2026-11-03","17:00","Waterfront -> Downtown","Purpose: Short walk back for happy hour.
Duration: 15 min.
Site link: https://itscarly.github.io/seapdx/dashboards/html/index.html#stop-day-3-2-8-walk-back-to-palihotel"
"📍 Seattle Day 3 · The Hart and the Hunter happy hour - 2 cocktails","2026-11-03","17:00","2026-11-03","18:40","The Hart and the Hunter, 111 Pine St","Palihotel's in-house restaurant runs Tuesday ALL NIGHT happy hour, 3-9pm: $4 draft beers, $8 wines by the glass, $12 cocktails, and snacks (Tue-Sat is 3-6pm otherwise). Start shifted from 4:10 PM to 5:00 PM to follow the waterfront loop (moved here from Day 2 to protect Day 2's Sky View sunset hard stop) -- still well inside the 3-9pm window.
ORDER: Any two of Espresso Martini, Bloody Mary, House Spritz, French 75, Irish Coffee, or Japanese Old Fashioned -- all $12 at happy hour price (normally $17 each).
Estimated cost: 2 cocktails at $12 = $24 + 10.5% WA sales tax ($2.52) + 18% tip ($4.32) = $30.84.
Location: The Hart and the Hunter, 111 Pine St
Website: https://thehartandthehunter.com/
Payment: Cards accepted, no cash
Estimated cost: $30.84.
Duration: 100 min.
Site link: https://itscarly.github.io/seapdx/dashboards/html/index.html#stop-day-3-2-9-the-hart-and-the-hunter-happy-"
"🚇 Seattle Day 3 · Transit to Capitol Hill","2026-11-03","18:40","2026-11-03","19:10","Downtown -> Capitol Hill","Purpose: Consolidated Capitol Hill evening: Saint John's dinner, Salt & Straw dessert, and Menya Musashi ramen. Shifted ~50 min later than before since happy hour now follows the waterfront loop.
Duration: 10 min.
Site link: https://itscarly.github.io/seapdx/dashboards/html/index.html#stop-day-3-2-10-transit-to-capitol-hill"
"🍽️ Seattle Day 3 · Saint John's Bar and Eatery dinner","2026-11-03","19:10","2026-11-03","20:25","Capitol Hill","Menu/happy hour: https://www.saintjohnsseattle.com/happyhour-v1
ORDER: Fried chicken sandwich or the burger, plus a house margarita ($6 flat).
Estimated cost: $42 with tax and tip.
Payment: Cards accepted
Estimated cost: $42.
Duration: 75 min.
Site link: https://itscarly.github.io/seapdx/dashboards/html/index.html#stop-day-3-2-11-saint-john-s-bar-and-eatery-d"
"📍 Seattle Day 3 · Salt & Straw Capitol Hill dessert","2026-11-03","20:25","2026-11-03","20:55","Capitol Hill","Menu: https://saltandstraw.com/pages/capitol-hill
ORDER: A seasonal flavor flight (2-3 scoop taste) if you can't decide, or go straight for Honey Lavender / Sea Salt with Caramel Ribbons as the signature picks.
Estimated cost: $9.
Payment: Cards accepted
Estimated cost: $9.
Duration: 30 min.
Site link: https://itscarly.github.io/seapdx/dashboards/html/index.html#stop-day-3-2-12-salt-straw-capitol-hill-desse"
"🍽️ Seattle Day 3 · Menya Musashi ramen dinner","2026-11-03","20:55","2026-11-03","21:55","Capitol Hill","Menu: https://menyamuso.us/ramen-menu-seattle/
ORDER: Musashi Tonkotsu ramen (the house signature) with a side of gyoza to split.
Estimated cost: $27.
Payment: Cards/gift cards only -- Menya Musashi is explicitly cashless
Estimated cost: $27.
Duration: 60 min.
Site link: https://itscarly.github.io/seapdx/dashboards/html/index.html#stop-day-3-2-13-menya-musashi-ramen-dinner"
"🚇 Seattle Day 3 · Transit back to Palihotel","2026-11-03","21:55","2026-11-03","22:15","Capitol Hill -> Downtown","Purpose: Transit back to Palihotel keeps the bainbridge day trip - ferry from downtown route on track.
Duration: 20 min.
Site link: https://itscarly.github.io/seapdx/dashboards/html/index.html#stop-day-3-2-14-transit-back-to-palihotel"
"🛌 Seattle Day 3 · Hotel wind-down / Sleep","2026-11-03","22:15","2026-11-04","07:30","Palihotel base","Purpose: Full recovery before the last Seattle full-activity day.
Duration: 9 hrs.
Site link: https://itscarly.github.io/seapdx/dashboards/html/index.html#stop-day-3-2-15-hotel-wind-down-sleep"
"🛌 Seattle Day 4 · Wake + prep","2026-11-04","07:30","2026-11-04","08:10","Palihotel base","Purpose: Wake + prep keeps the fremont + ballard neighborhood day - direct from downtown base route on track.
Duration: 40 min.
Site link: https://itscarly.github.io/seapdx/dashboards/html/index.html#stop-day-4-0-0-wake-prep"
"☕ Seattle Day 4 · Analog Coffee stop","2026-11-04","08:10","2026-11-04","08:30","Analog Coffee, 235 Summit Ave E","Menu: https://www.analogcoffee.com/
ORDER: Cortado (their signature pull) or a drip coffee if you want something simpler for the transit ahead.
Estimated cost: $4.50.
Location: Analog Coffee, 235 Summit Ave E
Payment: Cards accepted
Estimated cost: $4.5.
Duration: 20 min.
Site link: https://itscarly.github.io/seapdx/dashboards/html/index.html#stop-day-4-0-1-analog-coffee-stop"
"🚇 Seattle Day 4 · Transit to Fremont","2026-11-04","08:30","2026-11-04","09:15","Capitol Hill -> Fremont","Purpose: First ORCA ride of Day 4 -- flat $6 day-pass charge.
Estimated cost: $6.
Duration: 45 min.
Site link: https://itscarly.github.io/seapdx/dashboards/html/index.html#stop-day-4-0-2-transit-to-fremont"
"🚶 Seattle Day 4 · Fremont walking loop","2026-11-04","09:15","2026-11-04","11:05","Fremont","Purpose: Fremont walking loop keeps the fremont + ballard neighborhood day - direct from downtown base route on track.
Duration: 110 min.
Site link: https://itscarly.github.io/seapdx/dashboards/html/index.html#stop-day-4-0-3-fremont-walking-loop"
"🍽️ Seattle Day 4 · Uneeda Burger Fremont lunch","2026-11-04","11:05","2026-11-04","12:30","Uneeda Burger","Counter-service Fremont burger institution.
Menu: https://uneedaburger.com/seattle-fremont-uneeda-burger-food-menu
ORDER: Uneeda Burger Chipotle Chicken Burger.
Fruity: Strawberry or seasonal milkshake is the fruit-leaning move here.
Estimated cost: $18 with tip.
Location: Uneeda Burger
Payment: Cards accepted
Estimated cost: $18.
Duration: 85 min.
Site link: https://itscarly.github.io/seapdx/dashboards/html/index.html#stop-day-4-1-0-uneeda-burger-fremont-lunch"
"🚇 Seattle Day 4 · Transit to Ballard","2026-11-04","12:30","2026-11-04","12:55","Fremont -> Ballard","Purpose: Transit to Ballard keeps the fremont + ballard neighborhood day - direct from downtown base route on track.
Duration: 25 min.
Site link: https://itscarly.github.io/seapdx/dashboards/html/index.html#stop-day-4-1-1-transit-to-ballard"
"🚶 Seattle Day 4 · Ballard Ave + locks area explore","2026-11-04","12:55","2026-11-04","14:45","Ballard","Purpose: Ballard Ave + locks area explore keeps the fremont + ballard neighborhood day - direct from downtown base route on track.
Duration: 110 min.
Site link: https://itscarly.github.io/seapdx/dashboards/html/index.html#stop-day-4-1-2-ballard-ave-locks-area-explore"
"☕ Seattle Day 4 · Ballard Coffee Works reset","2026-11-04","14:45","2026-11-04","15:30","Ballard Coffee Works, 2060 NW Market St","Ballard Coffee Works for the afternoon reset before heading back downtown.
Menu: https://www.ballardcoffee-co.com/menus
ORDER: Cold Brew (16oz).
SKIP: Heavy snack unless your feet are dragging.
Estimated cost: $6.
Location: Ballard Coffee Works, 2060 NW Market St
Payment: Cards confirmed; mixed reviews on whether cash is always accepted -- use card as primary
Estimated cost: $6.
Duration: 45 min.
Site link: https://itscarly.github.io/seapdx/dashboards/html/index.html#stop-day-4-1-3-ballard-coffee-works-reset"
"🚇 Seattle Day 4 · Transit back to Palihotel","2026-11-04","15:30","2026-11-04","16:15","Ballard -> Downtown","Purpose: Transit back to Palihotel keeps the fremont + ballard neighborhood day - direct from downtown base route on track.
Duration: 45 min.
Site link: https://itscarly.github.io/seapdx/dashboards/html/index.html#stop-day-4-2-0-transit-back-to-palihotel"
"🛌 Seattle Day 4 · Return and pack for train day","2026-11-04","16:15","2026-11-05","07:00","Palihotel base","Purpose: Dinner removed from plan -- open evening slot, wind-down and rest block so the train departure stays protected. Last night in Seattle.
Duration: 8+ hrs.
Site link: https://itscarly.github.io/seapdx/dashboards/html/index.html#stop-day-4-2-1-return-and-pack-for-train-day"
"🛌 Portland Day 5 · Wake, final pack, checkout prep","2026-11-05","07:00","2026-11-05","09:00","Palihotel base","Purpose: Light prep and packing. King Street Station is walking distance from downtown Palihotel. Grab-and-go breakfast from the H Mart/Target run stocked on Day 1 covers this morning -- no separate breakfast stop needed.
Duration: 120 min.
Site link: https://itscarly.github.io/seapdx/dashboards/html/index.html#stop-day-5-0-0-wake-final-pack-checkout-prep"
"🚶 Portland Day 5 · Checkout and walk to King Street Station","2026-11-05","09:00","2026-11-05","09:15","Downtown -> King Street","Purpose: Short walk from downtown to King Street Station. Palihotel proximity makes this very manageable.
Duration: 15 min.
Site link: https://itscarly.github.io/seapdx/dashboards/html/index.html#stop-day-5-0-1-checkout-and-walk-to-king-stre"
"🛌 Portland Day 5 · Station arrival + platform prep","2026-11-05","09:15","2026-11-05","12:10","King Street Station","Purpose: Settle in at the station with plenty of margin before boarding.
Duration: 55 min.
Site link: https://itscarly.github.io/seapdx/dashboards/html/index.html#stop-day-5-0-2-station-arrival-platform-prep"
"🚇 Portland Day 5 · Amtrak Cascades 517 SEA -> PDX","2026-11-05","12:10","2026-11-05","15:35","Intercity rail","Purpose: Reservation 29CB3A-17MAY26, $29 fare plus $19 successful bid to business class.
Estimated cost: $48.
Duration: 3h 25m.
Site link: https://itscarly.github.io/seapdx/dashboards/html/index.html#stop-day-5-1-0-amtrak-cascades-517-sea-pdx"
"🚇 Portland Day 5 · Arrive Portland Union Station and transfer to Hotel Vance","2026-11-05","15:35","2026-11-05","16:20","Union Station -> Hotel Vance","Purpose: First TriMet-system ride in Portland on Day 5 -- flat $6 day-pass charge.
Estimated cost: $6.
Duration: 35 min.
Site link: https://itscarly.github.io/seapdx/dashboards/html/index.html#stop-day-5-1-1-arrive-portland-union-station-"
"🛌 Portland Day 5 · Check in and reset","2026-11-05","16:20","2026-11-05","18:00","Hotel Vance Portland","Purpose: Settle into Hotel Vance after the Seattle-to-Portland transfer.
Duration: 100 min.
Site link: https://itscarly.github.io/seapdx/dashboards/html/index.html#stop-day-5-1-2-check-in-and-reset"
"🚶 Portland Day 5 · Easy downtown orientation walk","2026-11-05","18:00","2026-11-05","18:35","Downtown Portland","Purpose: Easy downtown orientation walk keeps the checkout + amtrak transfer + light portland evening route on track.
Duration: 30 min.
Site link: https://itscarly.github.io/seapdx/dashboards/html/index.html#stop-day-5-2-0-easy-downtown-orientation-walk"
"🛍️ Portland Day 5 · Apple Pioneer Place time block","2026-11-05","18:35","2026-11-05","19:15","Apple Pioneer Place, 450 SW Yamhill St","Short downtown stop to check the Apple store and Pioneer Place architecture.
Purpose: Use this as the Portland phone / accessory browse block, not a full shopping spree.
Photo angle: The store frontage and mall atrium make a clean city-photo backdrop.
Estimated cost: Free unless you buy the new phone or accessories.
Payment: Cards accepted.
Location: Apple Pioneer Place, 450 SW Yamhill St
Website: https://www.apple.com/retail/pioneerplace/
Payment: Cards accepted
Duration: 35 min.
Site link: https://itscarly.github.io/seapdx/dashboards/html/index.html#stop-day-5-2-1-apple-pioneer-place-time-block"
"🍽️ Portland Day 5 · Luc Lac Vietnamese Kitchen dinner","2026-11-05","19:15","2026-11-05","20:30","Downtown Portland","First dinner in Portland after the travel day.
Menu: https://luclacpdx.com/
ORDER: Round Steak & Lean Brisket -- rare slices of steak cooked with citrus, pineapple sauce, cilantro, onions, fresh herbs, peanuts and shallots.
Fruity: Ask for the most fruit-forward seasonal cocktail or their coconut-leaning drink.
Skip: Soup. Save room for the rice-and-beef lane.
Estimated cost: $15.
Payment: Cards accepted
Estimated cost: $15.
Duration: 75 min.
Site link: https://itscarly.github.io/seapdx/dashboards/html/index.html#stop-day-5-2-2-luc-lac-vietnamese-kitchen-din"
"🛌 Portland Day 5 · Hotel Vance wind-down / Sleep","2026-11-05","20:30","2026-11-06","07:00","Hotel Vance Portland","Purpose: Full recovery night before the first deeper Portland day.
Duration: 10 hrs.
Site link: https://itscarly.github.io/seapdx/dashboards/html/index.html#stop-day-5-2-3-hotel-vance-wind-down-sleep"
"🛌 Portland Day 6 · Wake + quick breakfast + prep","2026-11-06","07:00","2026-11-06","07:50","Hotel Vance Portland","Purpose: Early start to catch the westbound POINT NorthWest bus.
Duration: 50 min.
Site link: https://itscarly.github.io/seapdx/dashboards/html/index.html#stop-day-6-0-0-wake-quick-breakfast-prep"
"🚇 Portland Day 6 · Transit to Portland Union Station","2026-11-06","07:50","2026-11-06","08:10","Hotel Vance -> Union Station","Purpose: Walk or MAX to Union Station (800 NW 6th Ave). First TriMet-system ride of Day 6 -- flat $6 day-pass charge.
Estimated cost: $6.
Duration: 20 min.
Site link: https://itscarly.github.io/seapdx/dashboards/html/index.html#stop-day-6-0-1-transit-to-portland-union-stat"
"🚇 Portland Day 6 · POINT NorthWest bus to Cannon Beach (boarding)","2026-11-06","08:10","2026-11-06","08:28","Portland Union Station","Purpose: Confirmed 8:28 AM departure window. Tickets can be purchased at Amtrak kiosks, online, or by phone 1-800-872-7245.
Duration: 18 min.
Site link: https://itscarly.github.io/seapdx/dashboards/html/index.html#stop-day-6-0-2-point-northwest-bus-to-cannon-"
"🚇 Portland Day 6 · Depart Portland Union Station (POINT NorthWest)","2026-11-06","08:28","2026-11-06","11:46","Intercity bus","Purpose: Confirmed schedule: PDX Union Station to Astoria, OR (via ART connecting bus 5500), arrives 11:46 AM. $40 covers the confirmed round-trip fare.
Estimated cost: $40.
Duration: 198 min.
Site link: https://itscarly.github.io/seapdx/dashboards/html/index.html#stop-day-6-1-0-depart-portland-union-station-"
"🚇 Portland Day 6 · Arrive Cannon Beach","2026-11-06","11:46","2026-11-06","11:50","Cannon Beach","Purpose: Bus stops at 1170 S Hemlock St, downtown Cannon Beach.
Duration: 0 min.
Site link: https://itscarly.github.io/seapdx/dashboards/html/index.html#stop-day-6-1-1-arrive-cannon-beach"
"🎟️ Portland Day 6 · Orientation + Haystack Rock walk","2026-11-06","11:50","2026-11-06","14:50","Haystack Rock, Tolovana Beach State Recreation Site","Iconic Cannon Beach sea-stack exploration.
What to see: 235-foot Haystack Rock visible from the beach.
Tide pools: Low tide is essential for exploring tide pools around the base of the rock. Check NOAA tide times for November 6, 2026 before the trip at noaa.gov or tide-forecast.com. Optimal window usually a couple hours before/after the lowest tide.
What to bring: Layers (coastal wind), water, snacks, camera.
Warnings: Lifeguards and patrol trucks monitor the area; stay off exposed rocks to protect tide-pool ecosystems.
Estimated cost: Free.
Location: Haystack Rock, Tolovana Beach State Recreation Site
Website: https://www.cannonbeach.org/things-to-do/beaches-and-parks/haystack-rock/
Payment: No admission; public land open 24/7
Duration: 180 min.
Site link: https://itscarly.github.io/seapdx/dashboards/html/index.html#stop-day-6-1-2-orientation-haystack-rock-walk"
"🍽️ Portland Day 6 · Cannon Beach lunch, coffee, and cocktail","2026-11-06","14:50","2026-11-06","17:40","Cannon Beach downtown","Suggested default: Pelican Brewing Cannon Beach, oceanfront taproom right on the beach.
Menu: https://pelicanbrewing.com/menus/
ORDER: Fish and chips or the Pelican burger, plus a Kiwanda Cream Ale or a seasonal cocktail.
Coffee alternate: Sea Level Bakery (2 minutes inland) for coffee/pastry if you'd rather split the stop.
Estimated cost: $100 (lunch, coffee, and a cocktail with tip).
Payment: Cards accepted
Estimated cost: $100.
Duration: 90 min.
Site link: https://itscarly.github.io/seapdx/dashboards/html/index.html#stop-day-6-1-3-cannon-beach-lunch-coffee-and-"
"🚇 Portland Day 6 · Transit to bus stop + board return bus","2026-11-06","17:40","2026-11-06","17:55","Downtown Cannon Beach","Purpose: Confirmed schedule: Astoria departs 5:55 PM, arrives Portland Union Station 9:00 PM.
Duration: 15 min.
Site link: https://itscarly.github.io/seapdx/dashboards/html/index.html#stop-day-6-2-0-transit-to-bus-stop-board-retu"
"🚇 Portland Day 6 · Depart Astoria (POINT NorthWest return)","2026-11-06","17:55","2026-11-06","21:00","Intercity bus","Purpose: Confirmed return leg: Astoria, OR to Portland, OR Union Station (via ART connecting bus 5565), arrives 9:00 PM. Fare already covered in the outbound $40.
Duration: 185 min.
Site link: https://itscarly.github.io/seapdx/dashboards/html/index.html#stop-day-6-2-1-depart-astoria-point-northwest"
"🚇 Portland Day 6 · Arrive Portland Union Station + transfer to Hotel Vance","2026-11-06","21:00","2026-11-06","21:20","Union Station -> Hotel Vance","Purpose: Return transfer. Cost $0 -- covered by the day's $6 TriMet pass.
Duration: 20 min.
Site link: https://itscarly.github.io/seapdx/dashboards/html/index.html#stop-day-6-2-2-arrive-portland-union-station-"
"🛌 Portland Day 6 · Hotel wind-down + early sleep","2026-11-06","21:20","2026-11-07","07:45","Hotel Vance Portland","Purpose: Settle in and rest after a full coastal day.
Duration: 9.5 hrs.
Site link: https://itscarly.github.io/seapdx/dashboards/html/index.html#stop-day-6-2-3-hotel-wind-down-early-sleep"
"🛌 Portland Day 7 · Wake + prep","2026-11-07","07:45","2026-11-07","08:05","Hotel Vance Portland","Purpose: Wake + prep keeps the portland saturday market + local food route on track.
Duration: 40 min.
Site link: https://itscarly.github.io/seapdx/dashboards/html/index.html#stop-day-7-0-0-wake-prep"
"☕ Portland Day 7 · Stumptown coffee + coffee bean buy","2026-11-07","08:05","2026-11-07","08:35","Stumptown Coffee Roasters, 1026 SW Stark St","Portland flagship coffee stop before the Saturday Market day.
Website: https://www.stumptowncoffee.com/
Order: Guatemala El Injerto Bourbon whole-bean bag ($25) plus a 16oz Original Cold Brew ($6).
Estimated cost: $31.
Location: Stumptown Coffee Roasters, 1026 SW Stark St
Payment: Cards accepted
Estimated cost: $31.
Duration: 30 min.
Site link: https://itscarly.github.io/seapdx/dashboards/html/index.html#stop-day-7-0-1-stumptown-coffee-coffee-bean-b"
"🛌 Portland Day 7 · Slow morning reset","2026-11-07","08:35","2026-11-07","10:30","Hotel Vance Portland","Purpose: Tattoo appointment removed Sep 13, 2026. Keep the morning open before Saturday Market.
Duration: 115 min.
Site link: https://itscarly.github.io/seapdx/dashboards/html/index.html#stop-day-7-0-2-slow-morning-reset"
"🚇 Portland Day 7 · Walk/transit to Portland Saturday Market","2026-11-07","10:30","2026-11-07","11:00","Downtown -> Waterfront","Purpose: Short walk, MAX, or streetcar hop to the waterfront market. Cost left at $0 because no day-pass transit is otherwise needed.
Duration: 30 min.
Site link: https://itscarly.github.io/seapdx/dashboards/html/index.html#stop-day-7-1-0-walk-transit-to-portland-satur"
"🎟️ Portland Day 7 · Portland Saturday Market browse + lunch","2026-11-07","11:00","2026-11-07","13:15","2 SW Naito Pkwy","Waterfront artisan market block with lunch from the food vendors.
Website: https://www.portlandsaturdaymarket.com/food-vendors-and-partners
Purpose: Shop local makers and graze market food vendors for lunch instead of a sit-down meal.
Payment: Many vendors prefer cash even when some larger booths take cards.
Estimated cost: $50 covering lunch and market browsing.
Location: 2 SW Naito Pkwy
Payment: Many vendors prefer cash; some accept cards
Estimated cost: $50.
Duration: 120 min.
Site link: https://itscarly.github.io/seapdx/dashboards/html/index.html#stop-day-7-1-1-portland-saturday-market-brows"
"🛍️ Portland Day 7 · Sephora Portland Downtown browse","2026-11-07","13:15","2026-11-07","13:45","Sephora Portland Downtown","Purpose: Optional perfume browse only. Bleu de Chanel purchase removed Sep 13, 2026; add a new purchase later only if you decide to buy.
Location: Sephora Portland Downtown
Duration: 30 min.
Site link: https://itscarly.github.io/seapdx/dashboards/html/index.html#stop-day-7-1-2-sephora-portland-downtown-brow"
"🛌 Portland Day 7 · Hotel Vance reset","2026-11-07","13:45","2026-11-07","17:00","Hotel Vance Portland","Purpose: Keep the afternoon open before Novel Book Bar.
Duration: 195 min.
Site link: https://itscarly.github.io/seapdx/dashboards/html/index.html#stop-day-7-1-3-hotel-vance-reset"
"🎟️ Portland Day 7 · Novel Book Bar dinner + cocktail + browse","2026-11-07","17:00","2026-11-07","19:45","Novel Book Bar, Portland","Books, food, and cocktails close to the hotel base. Pretty Ugly Burger dinner removed -- dinner happens here instead so there's no duplicate meal.
Menu: https://www.novelmaine.com/menu
Order: Partly Cloudy ($10) and Carajillo ($14), plus a light food item from the menu (burger $7 / salad $10 / salmon $15) to cover dinner.
Estimated cost: $10 + $14 + $4.50 tip = $29 (add ~$8-15 more if ordering a full food item; kept at $29 baseline).
Location: Novel Book Bar, Portland
Payment: Cards accepted
Estimated cost: $29.
Duration: 90 min.
Site link: https://itscarly.github.io/seapdx/dashboards/html/index.html#stop-day-7-2-0-novel-book-bar-dinner-cocktail"
"🛌 Portland Day 7 · Wind-down","2026-11-07","19:45","2026-11-08","08:00","Hotel Vance Portland","Purpose: Wind-down keeps the portland saturday market + local food route on track.
Duration: 12 hrs.
Site link: https://itscarly.github.io/seapdx/dashboards/html/index.html#stop-day-7-2-1-wind-down"
"🛌 Portland Day 8 · Wake + prep for waterfall tour","2026-11-08","08:00","2026-11-08","09:00","Hotel Vance Portland","Purpose: Earlier start for the 10:30 AM Columbia River Gorge Waterfall Shuttle Tour.
Duration: 60 min.
Site link: https://itscarly.github.io/seapdx/dashboards/html/index.html#stop-day-8-0-0-wake-prep-for-waterfall-tour"
"🚇 Portland Day 8 · Travel to Sasquatch Adventures + tour check-in","2026-11-08","09:00","2026-11-08","10:30","Portland -> Columbia River Gorge","Purpose: Arrive 15 minutes early to check in and look around at the Sasquatch Adventures store before the 10:30 AM tour.
Duration: 90 min.
Site link: https://itscarly.github.io/seapdx/dashboards/html/index.html#stop-day-8-0-1-travel-to-sasquatch-adventures"
"🎟️ Portland Day 8 · Columbia River Gorge Waterfall Shuttle Tour","2026-11-08","10:30","2026-11-08","13:00","Sasquatch Adventures Store","Waterfall shuttle tour moved to Nov 8, 2026 at 10:30 AM so Nov 7 stays focused on Portland Saturday Market.
Accessible site: https://sasquatchshuttle.com/waterfall-tour/
Title: Columbia River Gorge Waterfall Shuttle Tour.
Receipt total: $82.54, including Adult (12 & Up) ticket $79.00, Trailkeepers of Oregon Donation $2.00, and taxes/fees.
Tour format: narrated shuttle through the Columbia River Gorge Waterfall Corridor, small-group maximum 20 guests, with expert narration and stops at must-see Gorge attractions. Expect about 15 minutes at each stop except Multnomah Falls.
Highlights: Multnomah Falls, Gorge history and nature, 250+ five-star-review positioning, dog-friendly operator, and 20% off at the Sasquatch Adventures store.
Cancellation: free cancellation up to 48 hours in advance for a full refund.
Important: arrive 15 minutes early for check-in. Activity copy also mentions peak-season 8:30 AM and 2:30 PM departures; itinerary uses the traveler-requested 10:30 AM time and Nov 8 placement.
Location: Sasquatch Adventures Store
Payment: Paid booking -- total $82.54
Estimated cost: $82.54.
Duration: 2.5 hrs.
Site link: https://itscarly.github.io/seapdx/dashboards/html/index.html#stop-day-8-0-2-columbia-river-gorge-waterfall"
"🚇 Portland Day 8 · Return from waterfall tour","2026-11-08","13:00","2026-11-08","14:15","Columbia River Gorge -> Portland","Purpose: Return buffer after the 2.5-hour narrated shuttle tour.
Duration: 75 min.
Site link: https://itscarly.github.io/seapdx/dashboards/html/index.html#stop-day-8-1-0-return-from-waterfall-tour"
"🚇 Portland Day 8 · Transit to Cartopia food carts","2026-11-08","14:15","2026-11-08","14:45","Hotel Vance -> SE Hawthorne (Cartopia)","Purpose: Short trip out for a late Cartopia visit. First TriMet-system ride of Day 8 -- flat $6 day-pass charge.
Estimated cost: $6.
Duration: 20 min.
Site link: https://itscarly.github.io/seapdx/dashboards/html/index.html#stop-day-8-1-1-transit-to-cartopia-food-carts"
"🍽️ Portland Day 8 · Cartopia food cart pod late lunch","2026-11-08","14:45","2026-11-08","16:00","Cartopia Food Carts, 1207 SE Hawthorne Blvd, Portland, OR 97214","Portland's largest food cart cluster, visited after the waterfall tour.
Cart directory: https://www.cartopiapdx.com/carts
ORDER: Bing Mi (Potato Champion's poutine cart neighbor) or Pyro Pizza's wood-fired pizza by the slice, plus a BKK pad thai order from Bing Bing if you want to split two carts.
Estimated cost: $50.
Payment: Bring cash; not all carts accept cards.
Location: Cartopia Food Carts, 1207 SE Hawthorne Blvd, Portland, OR 97214
Payment: Cash preferred
Estimated cost: $50.
Duration: 75 min.
Site link: https://itscarly.github.io/seapdx/dashboards/html/index.html#stop-day-8-1-2-cartopia-food-cart-pod-late-lu"
"🚇 Portland Day 8 · Transit back to Hotel Vance","2026-11-08","16:00","2026-11-08","16:30","SE Hawthorne -> Hotel Vance","Purpose: Return transfer. Cost $0 -- covered by the day's $6 TriMet pass.
Duration: 20 min.
Site link: https://itscarly.github.io/seapdx/dashboards/html/index.html#stop-day-8-2-0-transit-back-to-hotel-vance"
"🛌 Portland Day 8 · Hotel Vance rest afternoon","2026-11-08","16:30","2026-11-08","20:00","Hotel Vance Portland","Purpose: Keep the rest of the day unstructured -- rest, recover, pack for tomorrow's flight.
Duration: 3.5 hrs.
Site link: https://itscarly.github.io/seapdx/dashboards/html/index.html#stop-day-8-2-1-hotel-vance-rest-afternoon"
"🛌 Portland Day 8 · Early wind-down + sleep","2026-11-08","20:00","2026-11-09","08:05","Hotel Vance Portland","Purpose: Full recovery night before the flight day.
Duration: 11 hrs.
Site link: https://itscarly.github.io/seapdx/dashboards/html/index.html#stop-day-8-2-2-early-wind-down-sleep"
"🛌 Portland Day 9 · Wake + final packing","2026-11-09","08:05","2026-11-09","09:05","Hotel Vance Portland","Purpose: Wake + final packing keeps the final breakfast and departure route on track.
Duration: 60 min.
Site link: https://itscarly.github.io/seapdx/dashboards/html/index.html#stop-day-9-0-0-wake-final-packing"
"🍽️ Portland Day 9 · Hotel Vance breakfast","2026-11-09","09:05","2026-11-09","10:05","Hotel Vance, Vance & Vine","Final morning breakfast at the hotel before checkout.
Menu: https://www.hotelvance.com/resourcefiles/pdf/vance-and-vine-breakfast-menu.pdf
Order: Breakfast sandwich (bacon or sausage, egg, cheese, spicy aioli) plus a mimosa or bloody mary if you want one.
Estimated cost: $31.
Location: Hotel Vance, Vance & Vine
Payment: Cards accepted
Estimated cost: $31.
Duration: 60 min.
Site link: https://itscarly.github.io/seapdx/dashboards/html/index.html#stop-day-9-0-1-hotel-vance-breakfast"
"🚇 Portland Day 9 · Hotel Vance final transit loop","2026-11-09","10:05","2026-11-09","11:05","Downtown Portland","Purpose: Short final MAX/transit loop. First (and only) TriMet-system ride of Day 9 -- flat $6 day-pass charge. Morning shifted 55 min earlier (Aug 15, 2026) to fit the 3 hr PDX arrival buffer without overlap.
Estimated cost: $6.
Duration: 60 min.
Site link: https://itscarly.github.io/seapdx/dashboards/html/index.html#stop-day-9-0-2-hotel-vance-final-transit-loop"
"🚇 Portland Day 9 · Checkout + transfer to PDX","2026-11-09","11:05","2026-11-09","11:34","Hotel Vance -> PDX","Purpose: Leave the hotel by about 11:05 AM to be inside PDX by 11:34 AM, a 3 hr buffer ahead of the 2:34 PM domestic departure. Cost $0 -- covered by the day's $6 TriMet pass (claimed by the earlier final transit loop).
Duration: 29 min.
Site link: https://itscarly.github.io/seapdx/dashboards/html/index.html#stop-day-9-0-3-checkout-transfer-to-pdx"
"🛌 Portland Day 9 · Airport check-in and security buffer","2026-11-09","11:34","2026-11-09","14:34","PDX","Purpose: Airport check-in and security buffer keeps the final breakfast and departure route on track.
Duration: 180 min.
Site link: https://itscarly.github.io/seapdx/dashboards/html/index.html#stop-day-9-0-4-airport-check-in-and-security-"
"🚇 Portland Day 9 · Flight PDX -> DFW","2026-11-09","14:34","2026-11-09","20:29","Air travel","Purpose: AA 2496, Economy, seat 8F. Airfare tracked separately from activity budget.
Duration: 5h 55m.
Site link: https://itscarly.github.io/seapdx/dashboards/html/index.html#stop-day-9-1-0-flight-pdx-dfw"
"🛌 Portland Day 9 · DFW layover buffer","2026-11-09","20:29","2026-11-09","22:30","DFW","Purpose: 2h 01m connection at DFW.
Duration: 121 min.
Site link: https://itscarly.github.io/seapdx/dashboards/html/index.html#stop-day-9-1-1-dfw-layover-buffer"
"🚇 Portland Day 9 · Flight DFW -> CRP","2026-11-09","22:30","2026-11-09","23:58","Air travel","Purpose: AA 5273, Economy, seat 8F, operated by PSA Airlines as American Eagle.
Duration: 1h 28m.
Site link: https://itscarly.github.io/seapdx/dashboards/html/index.html#stop-day-9-1-2-flight-dfw-crp"
"🛌 Portland Day 9 · Arrival and end-of-trip recovery","2026-11-09","23:58","2026-11-10","00:58","Corpus Christi","Purpose: Arrival and end-of-trip recovery keeps the final breakfast and departure route on track.
Duration: N/A.
Site link: https://itscarly.github.io/seapdx/dashboards/html/index.html#stop-day-9-1-3-arrival-and-end-of-trip-recove"
